<?xml version="1.0" encoding="UTF-8"?>
<project-private xmlns="http://www.netbeans.org/ns/project-private/1">
    <editor-bookmarks xmlns="http://www.netbeans.org/ns/editor-bookmarks/1"/>
    <editor-bookmarks xmlns="http://www.netbeans.org/ns/editor-bookmarks/2" lastBookmarkId="0"/>
    <open-files xmlns="http://www.netbeans.org/ns/projectui-open-files/2">
        <group>
            <file>file:/home/carlos/Escritorio/prog/Ejercicios_soluciones_ud9/Banco/src/CuentaCorriente.java</file>
            <file>file:/home/carlos/Escritorio/prog/Ejercicios_soluciones_ud9/Banco/src/CuentaAhorro.java</file>
            <file>file:/home/carlos/Escritorio/prog/Ejercicios_soluciones_ud9/Banco/src/GestionBanco.java</file>
            <file>file:/home/carlos/Escritorio/prog/Ejercicios_soluciones_ud9/Banco/src/CuentaBancaria.java</file>
        </group>
    </open-files>
</project-private>
