<?xml version="1.0" encoding="UTF-8"?>
<project-private xmlns="http://www.netbeans.org/ns/project-private/1">
    <editor-bookmarks xmlns="http://www.netbeans.org/ns/editor-bookmarks/2" lastBookmarkId="0"/>
    <open-files xmlns="http://www.netbeans.org/ns/projectui-open-files/2">
        <group>
            <file>file:/C:/Users/Raquel/Dropbox/CEED_1617/PROGRAMACION/201617/ud10/Ejercicios_soluc/EjerciciosUd10/Ejercicio%203/src/ejercicio3/NumerosNegativosExcepcion.java</file>
            <file>file:/C:/Users/Raquel/Dropbox/CEED_1617/PROGRAMACION/201617/ud10/Ejercicios_soluc/EjerciciosUd10/Ejercicio%203/src/ejercicio3/Ejercicio3.java</file>
        </group>
    </open-files>
</project-private>
